param,error
1920X1080,0
1600X900,0.894992
1536X864,1.093206
1280X1024,1.797083
1440X900,1.335406
1366X768,1.689328
1280X720,2.097032
1024X768,3.191613
640X360,6.955341
