utility_error,time
0,113.313364
0.894992,91.725135
1.093206,87.609504
1.797083,84.906846
1.335406,86.102989
1.689328,81.358436
2.097032,70.364958
3.191613,64.930171
6.955341,48.318573
