param,time
1920X1080,113.313364
1600X900,91.725135
1536X864,87.609504
1280X1024,84.906846
1440X900,86.102989
1366X768,81.358436
1280X720,70.364958
1024X768,64.930171
640X360,48.318573
