utility,time
0,121.74
0.351729,42.0821
0.538155,28.6193
