utility_error,time
0,95.626243
0.222898,65.288855
0.318808,55.788903
0.478219,46.764774
0.591036,43.851168
0.710266,39.599848
0.828142,39.959811
0.958930,37.922653
