param,error
1,0
2,0.047633
4,0.046807
6,0.045576
8,0.023033
