param,time
1,109.007179
2,104.343762
3,98.889793
4,93.683977
6,104.620399
