param,time
,96.924346
1536X864,96.095587
1600X900,102.306595
1440X900,89.112372
1366X768,82.621732
1280X1024,90.680444
1280X720,77.947376
1024X768,67.914437
640X360,47.025370
