param,time
,111.465768
1536X864,100.757966
1600X900,101.720010
1440X900,101.085977
1366X768,83.319271
1280X1024,85.187706
1280X720,70.694908
1024X768,65.195990
640X360,48.426850
