utility_error,time
0,111.465768
1.093206,100.757966
0.894992,101.720010
1.335406,101.085977
1.689328,83.319271
1.797083,85.187706
2.097032,70.694908
3.191613,65.195990
6.955341,48.426850
