utility_error,time
0,96.924346
1.100784,96.095587
0.900016,102.306595
1.338713,89.112372
1.692348,82.621732
1.800754,90.680444
2.098562,77.947376
3.192951,67.914437
6.956633,47.025370
