utility,time
0,139.634
1.10933,41.8774
0.509832,46.1704
