param,error
,0
1536X864,1.100784
1600X900,0.900016
1440X900,1.338713
1366X768,1.692348
1280X1024,1.800754
1280X720,2.098562
1024X768,3.192951
640X360,6.956633
