param,error
0,0
1,0.222898
2,0.318808
3,0.478219
4,0.591036
5,0.710266
6,0.828142
7,0.958930
