param,time
,95.626243
1,65.288855
2,55.788903
3,46.764774
4,43.851168
5,39.599848
6,39.959811
7,37.922653
