utility,time
0,115.556
0.351729,36.3294
0.538155,27.3745
