utility_error,time
0,395.321767
7.829267,120.635547
