utility_error,time
0,431.959601
6.978891,141.005579
