param,time
Dense,431.959601
Sparse,141.005579
