param,time
,431.959601
1,141.005579
