param,time
Dense,395.321767
Sparse,120.635547
