utility_error,time
0,110.207531
0.047633,97.995465
0.046807,84.721287
0.045576,81.595561
0.023033,81.368581
