param,time
,110.207531
2,97.995465
4,84.721287
6,81.595561
8,81.368581
