param,error
,0
2,3.725715
3,7.891228
4,6.047654
6,10.214476
