utility_error,time
0,109.007179
3.725715,104.343762
7.891228,98.889793
6.047654,93.683977
10.214476,104.620399
