utility_error,time
0,108.485
0.00236286,99.028
0.00207797,81.7038
0.00288943,76.6306
0.00190446,75.4522
